<?xml version="1.0" encoding="UTF-8" standalone="yes"?>
<addon id="repository.Unchained" name="Unchained" version="0.0.1" provider-name="Me">
	<extension point="xbmc.addon.repository" name="Unchained">
		<dir>
			<info compressed="false">https://raw.githubusercontent.com/noobsandnerds/modules4all/master/zips/addons.xml</info>
			<checksum>https://raw.githubusercontent.com/noobsandnerds/modules4all/master/zips/addons.xml.md5</checksum>
			<datadir zip="true">https://raw.githubusercontent.com/noobsandnerds/modules4all/master/zips/</datadir>
		</dir>
		<info compressed="false">https://raw.githubusercontent.com/rbyw1203/repository.Unchained/master/zips/addons.xml</info>
		<checksum>https://raw.githubusercontent.com/rbyw1203/repository.Unchained/master/zips/addons.xml.md5</checksum>
		<datadir zip="true">https://raw.githubusercontent.com/rbyw1203/repository.Unchained/master/zips/</datadir>
	</extension>
	<extension point="xbmc.addon.metadata">
		<summary lang="en">For Me</summary>
		<description lang="en">Full repository description.</description>
		<genre>livetv,asian,uk,usa</genre>
	</extension>
</addon>